{
  "cam0": [
    [
      1.0,
      0.0,
      0.0,
      0.0
    ],
    [
      0.0,
      1.0,
      0.0,
      0.0
    ],
    [
      0.0,
      0.0,
      1.0,
      0.0
    ],
    [
      0.0,
      0.0,
      0.0,
      1.0
    ]
  ],
  "cam1": [
    [
      0.9996121649259063,
      0.027440345475059736,
      -0.004748386289244085,
      0.004617033369338004
    ],
    [
      -0.02737281923808562,
      0.9995307902595688,
      0.013745111496378507,
      0.014508592043781965
    ],
    [
      0.005123328908199305,
      -0.013609803940475599,
      0.999894256777989,
      -0.04556592049404685
    ],
    [
      0.0,
      0.0,
      0.0,
      1.0
    ]
  ],
  "cam2": [
    [
      0.9993095795328876,
      0.0340915408998844,
      -0.01476926175858242,
      0.00807980135981217
    ],
    [
      -0.034169541309088114,
      0.9994032340724032,
      -0.005061439751153152,
      0.006413428618891466
    ],
    [
      0.014587895686100442,
      0.005562604129320454,
      0.9998781179397622,
      -0.05920144069427477
    ],
    [
      0.0,
      0.0,
      0.0,
      1.0
    ]
  ]
}