{
  "frame": 0,
  "brightness": 66.146298828125,
  "ee_pose": [
    [
      -0.048746981007754264,
      0.7358181338359475,
      0.6754223906273866,
      0.06660992982383579
    ],
    [
      -0.9961326840833473,
      0.013674740097851357,
      -0.08679099713773963,
      -0.007147358412658013
    ],
    [
      -0.0730986151957515,
      -0.677041117954767,
      0.7323058903593658,
      0.3871407745289922
    ],
    [
      0.0,
      0.0,
      0.0,
      1.0
    ]
  ],
  "board_pose": [
    [
      0.21391555563506062,
      -0.9663146319081032,
      -0.14309495874296357,
      -0.002509658105441771
    ],
    [
      0.416661553520968,
      -0.04223396121798878,
      0.9080800858610054,
      0.10124732256609538
    ],
    [
      -0.8835345408498962,
      -0.25387462393895244,
      0.3935916544402569,
      0.2783375167922809
    ],
    [
      0.0,
      0.0,
      0.0,
      1.0
    ]
  ]
}