{
  "frame": 2,
  "brightness": 34.478427734375,
  "ee_pose": [
    [
      0.14814816960766947,
      0.31197290426454377,
      0.9384695130086239,
      0.13582912802941927
    ],
    [
      -0.8213032658054409,
      0.567434976207821,
      -0.05897875340618575,
      -0.16712646096375192
    ],
    [
      -0.5509201987758438,
      -0.7620304815299558,
      0.34028881821183804,
      0.609851813647073
    ],
    [
      0.0,
      0.0,
      0.0,
      1.0
    ]
  ],
  "board_pose": [
    [
      0.026280836253199682,
      0.9826759296407314,
      0.18345935503690325,
      -0.05639075774116374
    ],
    [
      -0.9977014786923951,
      0.014317458464898538,
      0.0662326943292649,
      0.17346648542471177
    ],
    [
      0.062458602776882866,
      -0.18477832039454714,
      0.9807935028594599,
      0.3125744226466475
    ],
    [
      0.0,
      0.0,
      0.0,
      1.0
    ]
  ]
}