{
  "frame": 1,
  "brightness": 22.627301432291667,
  "ee_pose": [
    [
      0.05358542329094301,
      0.739080300837735,
      0.6714826217589951,
      0.07432687633786725
    ],
    [
      -0.9456870799264968,
      -0.17835768044196942,
      0.2717802139366592,
      0.022867028092640077
    ],
    [
      0.3206314851520767,
      -0.6495758975985513,
      0.6893813197267606,
      0.6491398605044767
    ],
    [
      0.0,
      0.0,
      0.0,
      1.0
    ]
  ],
  "board_pose": [
    [
      -0.18855624545324523,
      0.8643968907968977,
      -0.4661164634307949,
      -0.17324431505755283
    ],
    [
      -0.2848338349329076,
      0.40609278046041825,
      0.8683077450623939,
      0.2408029463916912
    ],
    [
      0.9398490457397872,
      0.29649058811129625,
      0.16963815132047655,
      0.2739655945395785
    ],
    [
      0.0,
      0.0,
      0.0,
      1.0
    ]
  ]
}